<?xml version="1.0" encoding="UTF-8" ?>
<!DOCTYPE mapper
    PUBLIC "-//mybatis.org//DTD Mapper 3.0//EN"
    "https://mybatis.org/dtd/mybatis-3-mapper.dtd">

<mapper namespace="com.boot.dao.CartDAO">

<!--	<select id="findItem" resultType="com.boot.dto.CartDTO">-->
	<select id="findItem" resultType="com.boot.dto.CartDTO">
		SELECT * FROM cart WHERE user_id = #{user_id} and product_id = #{product_id}
	</select>
	
	<insert id="insertCartItem" parameterType="com.boot.dto.CartDTO">
		insert into cart(user_id, product_id, product_title, price, quantity) values(#{user_id},#{product_id},#{product_title},#{price},#{quantity})
	</insert>
	
	<update id="updateQuantity" parameterType="com.boot.dto.CartDTO">
		update cart set quantity=#{quantity} WHERE user_id = #{user_id} and product_id = #{product_id}
	</update>
	
	<select id="getCartItems" resultType="com.boot.dto.CartDTO">
		SELECT * FROM cart WHERE user_id = #{user_id}
	</select>

</mapper>
