<?xml version="1.0" encoding="UTF-8" ?>
<!DOCTYPE mapper
	PUBLIC "-//mybatis.org//DTD Mapper 3.0//EN"
	"http://mybatis.org/dtd/mybatis-3-mapper.dtd">

<mapper namespace="com.boot.dao.ChatDAO">

	<insert id="insertMessage">
		INSERT INTO chat (sender_id, receiver_id, message)
		VALUES (#{senderId}, #{receiverId}, #{message})
	</insert>

	<select id="getMessagesBetween" resultType="com.boot.dto.ChatDTO">
		SELECT * FROM chat
		WHERE (sender_id = #{userA} AND receiver_id = #{userB})
		   OR (sender_id = #{userB} AND receiver_id = #{userA})
		ORDER BY sent_at ASC
	</select>
	
<!--	<select id="getReceivedMessages" parameterType="int" resultType="com.boot.dto.ChatDTO">-->
<!--		SELECT * FROM chat-->
<!--		WHERE receiver_id = #{id}-->
<!--		ORDER BY sent_at ASC-->
<!--	</select>-->
	
	
	<resultMap id="chatResultMap" type="com.boot.dto.ChatDTO">
		<id property="id" column="id" />
		<result property="senderId" column="sender_id" />
		<result property="receiverId" column="receiver_id" />
		<result property="message" column="message" />
		<result property="sentAt" column="sent_at" />
	</resultMap>
	
	<select id="getReceivedMessages" parameterType="int" resultMap="chatResultMap">
		SELECT * FROM chat
		WHERE receiver_id = #{id}
		ORDER BY sent_at ASC
	</select>	
	
	<select id="getConversationByUserId" parameterType="int" resultMap="chatResultMap">
		SELECT * FROM chat
		WHERE sender_id = #{id} OR receiver_id = #{id}
		ORDER BY sent_at ASC
	</select>
	
	<select id="getChatWithFriend" resultMap="chatResultMap">
		SELECT * FROM chat
		WHERE (sender_id = #{myId} AND receiver_id = #{friendId})
		   OR (sender_id = #{friendId} AND receiver_id = #{myId})
		ORDER BY sent_at ASC
	</select>
	
</mapper>
